{"cameraMode":{"drawMode":0,"name":"Shaded","section":"Shading Mode"},"sceneLighting":true,"audioPlay":false,"sceneViewState":{"m_AlwaysRefresh":false,"showFog":true,"showSkybox":true,"showFlares":true,"showImageEffects":true,"showParticleSystems":true,"showVisualEffectGraphs":true,"m_FxEnabled":true},"in2DMode":false,"pivot":{"x":13.751734733581543,"y":3.7585809230804445,"z":-5.248989582061768},"rotation":{"x":0.09959204494953156,"y":-0.550960898399353,"z":0.06643366813659668,"w":0.8259527683258057},"size":1.3991892337799073,"orthographic":false}