{"cameraMode":{"drawMode":0,"name":"Shaded","section":"Shading Mode"},"sceneLighting":true,"audioPlay":false,"sceneViewState":{"m_AlwaysRefresh":false,"showFog":true,"showSkybox":true,"showFlares":true,"showImageEffects":true,"showParticleSystems":true,"showVisualEffectGraphs":true,"m_FxEnabled":true},"in2DMode":false,"pivot":{"x":-1.4105818271636963,"y":0.39761242270469668,"z":5.229062080383301},"rotation":{"x":-0.12410574406385422,"y":0.035090040415525439,"z":-0.004382960963994265,"w":-0.9916855692863464},"size":6.40781831741333,"orthographic":false}